[
    {
        "nome": "Joao",
        "sobrenome": "Silva de Oliveira",
        "dataRealizacao": "2015-12-31 08:30:00",
        "titulo": "O evento será dia 31/12/2015 as 08:30:00",
        "descricao": "o evento será realizado no auditório da Prefeitura Municipal de Penápolis às 08:30 horas",
        "arquivos": [
            {
                "arquivo": "https://www.evento.com.br/uploads/2016/01/capa-evento.pdf",
                "data": "2016-01-11 00:00:00"
            },
            {
                "arquivo": "https://www.evento.com.br/uploads/2016/01/capa-evento2.pdf",
                "titulo": "Capa do evento",
                "data": "2016-01-12 00:00:00"
            }
        ]
    }
]
