[
    {
        "nome": "Joao",
        "sobrenome": "NBSPSilva de OliveiraNBSP",
        "dataRealizacao": "31/12/2015 08:30:00",
        "titulo": " O evento será dia ... as ...",
        "descricao": [
            "o evento será realizado no auditório",
            "da Prefeitura Municipal",
            "de Penápolis",
            "às 08:30 horas"
        ],
        "arquivos": [
            {
                "arquivo": "https://www.evento.com.br/uploads/2016/01/capa-evento.pdf",
                "titulo": null,
                "data": "11/01/2016"
            },
            {
                "arquivo": "https://www.evento.com.br/uploads/2016/01/capa-evento2.pdf",
                "titulo": "Capa do evento",
                "data": "12/01/2016"
            }
        ],
        "autor": null
    }
]
